扬州翔天电子有限公司,仪征市市场监督管理局,有限责任公司(自然人投资或控股)
扬州翔天电子有限公司,仪征市市场监督管理局,有限责任公司(自然人投资或控股)
山西振恒商贸有限公司,太原市小店区市场监督管理局,有限责任公司(自然人独资)
邢台陆阔贸易有限公司,南和区市场监督管理局,有限责任公司(自然人独资)
莱州润达商贸有限公司,莱州市市场监督管理局,有限责任公司(自然人独资)
云南豆豆星商贸有限公司,昆明市市场监督管理局,有限责任公司(自然人投资或控股)
承德市亮诚装饰工程有限公司,承德市高新技术产业开发区市场监督管理局,有限责任公司(自然人独资)
昆明明鼎商贸有限公司,昆明市市场监督管理局,有限责任公司(自然人独资)
扬州翔天电子有限公司,仪征市市场监督管理局,有限责任公司(自然人投资或控股)
山西振恒商贸有限公司,太原市小店区市场监督管理局,有限责任公司(自然人独资)
邢台陆阔贸易有限公司,南和区市场监督管理局,有限责任公司(自然人独资)
莱州润达商贸有限公司,莱州市市场监督管理局,有限责任公司(自然人独资)
云南豆豆星商贸有限公司,昆明市市场监督管理局,有限责任公司(自然人投资或控股)
承德市亮诚装饰工程有限公司,承德市高新技术产业开发区市场监督管理局,有限责任公司(自然人独资)
昆明明鼎商贸有限公司,昆明市市场监督管理局,有限责任公司(自然人独资)
扬州翔天电子有限公司,仪征市市场监督管理局,有限责任公司(自然人投资或控股)
山西振恒商贸有限公司,太原市小店区市场监督管理局,有限责任公司(自然人独资)
邢台陆阔贸易有限公司,南和区市场监督管理局,有限责任公司(自然人独资)
莱州润达商贸有限公司,莱州市市场监督管理局,有限责任公司(自然人独资)
云南豆豆星商贸有限公司,昆明市市场监督管理局,有限责任公司(自然人投资或控股)
承德市亮诚装饰工程有限公司,承德市高新技术产业开发区市场监督管理局,有限责任公司(自然人独资)
昆明明鼎商贸有限公司,昆明市市场监督管理局,有限责任公司(自然人独资)
